create database biologistics;
use biologistics;

create table endereco (
    idendereco int primary key auto_increment,
    logradouro varchar(100) not null,
    numero varchar(10),
    complemento varchar(50),
    bairro varchar(50) not null,
    cidade varchar(50) not null,
    estado char(2) not null,
    cep varchar(9) not null
);



insert into endereco (logradouro, numero, complemento, bairro, cidade, estado, cep) values
('Rua das Acácias', 125, 'Galpão 2', 'Jardim Primavera', 'São Paulo', 'SP', '01234-567'),
('Avenida Brasil', 3020, 'Bloco B', 'Centro', 'Rio de Janeiro', 'RJ', '22040-110'),
('Rua dos Pinheiros', 87, 'Sala 5', 'Pinheiros', 'São Paulo', 'SP', '05422-010'),
('Rua Almeida Júnior', 45, 'Fundos', 'Parque Industrial', 'Campinas', 'SP', '13036-520'),
('Avenida Paulista', 1578, 'Conjunto 302', 'Bela Vista', 'São Paulo', 'SP', '01310-200'),
('Rua XV de Novembro', 1200, null, 'Centro', 'Curitiba', 'PR', '80020-310'),
('Rua Floriano Peixoto', 450, 'Apartamento 101', 'Centro', 'Porto Alegre', 'RS', '90010-000'),
('Avenida Sete de Setembro', 900, null, 'Centro', 'Salvador', 'BA', '40060-001');



create table transportadora (
    idtransportadora int primary key auto_increment,
    nome varchar(100) not null,
    cnpj varchar(18)  not null,
    telefone varchar(20) not null,
    ativo boolean default true,
    idendereco int,
    foreign key (idendereco) references endereco(idendereco)
);



insert into transportadora (nome, cnpj, telefone, idendereco) values 
  ('HealthCargo Logística', '01.987.654/0001-01', '(11) 3456-7890', 2);

create table usuario(
idUsuario int not null primary key auto_increment,
nome varchar(100) null, 
email varchar(100) not null unique,
senha varchar(20) not null,
administrador boolean,
ativo boolean default true,
idTransportadora int not null,
foreign key (idTransportadora) references transportadora(idTransportadora)
);



insert into usuario (nome,email, senha, administrador, idTransportadora) values 
('Fernando Lima','fernando.lima@healthcargo.com', '123',   true, 1), 
('Ana Moreira','ana.moreira@biotrans.com','123',   false,  1),
(null,'suporte@gmail.com','123',   true,  1);



create table cliente(
    idcliente int not null primary key auto_increment,
    idendereco int not null,
    idtransportadora int,
    nome varchar(80),
    CNPJ varchar(18),
    telefone varchar(20),
    foreign key (idendereco) references endereco(idendereco),
    foreign key (idtransportadora) references transportadora(idtransportadora)
    );



insert into cliente(idtransportadora, idendereco, nome, CNPJ, telefone) values 
(1,4, 'AstraZeneca do Brasil', '60.318.797/0001-06', '(19) 3721-8000'),
(1,3, 'Fiocruz','00.394.544/0001-40', '(21) 3865-9500'),
(1,7, 'Janssen-Cilag Farmacêutica', '59.748.514/0001-00', '(85) 3456-7890'),
(1,8, 'Pfizer Brasil', '33.000.167/0001-10', '(11) 4002-8922'),
(1,6, 'Bio-Manguinhos', '00.394.544/0015-00', '(31) 3224-1010'),
(1,5, 'Moderna Brasil', '12.345.678/0001-99', '(41) 3304-1000');



create table veiculo (
    idveiculo int primary key auto_increment,
    idtransportadora int not null,
    tipo varchar(12) not null,
    placa varchar(10) not null,
    modelo varchar(50) not null,
    ano int,
    ativo boolean default true,
    foreign key (idtransportadora) references transportadora(idtransportadora)
);



insert into veiculo (idtransportadora, tipo, placa, modelo, ano) values 
(1, 'Caminhão', 'ABC1D23', 'Mercedes-Benz Atego 2430',2020),
(1, 'Avião',    'XYZ9K88', 'Embraer EMB-120 Brasília',2018),
(1, 'Caminhão', 'JKL3Z45', 'Volkswagen Constellation',2022),
(1, 'Avião',    'QWE7F65', 'Cessna Caravan 208B',2021),
(1, 'Caminhão', 'MNO2P34', 'Volvo VM 270', 2023),
(1, 'Caminhão', 'HGF5T67', 'Ford Cargo 1119', 2019);



create table sensor (
    idsensor int primary key auto_increment,
    idveiculo int not null,
    faixa_min decimal(5,2) default 2,
    faixa_max decimal(5,2) default 8,
    ativo boolean default true,
    foreign key (idveiculo) references veiculo(idveiculo)
);



insert into sensor (idveiculo, faixa_min, faixa_max) values 
(1, 2.00, 8.00),
(2, 2.00, 8.00),
(3, 2.00, 8.00),
(4, 2.00, 8.00),
(5, 2.00, 8.00),
(6, 2.00, 8.00);



create table pedido (
    idpedido int primary key auto_increment,
    idveiculo int,
    idcliente int,
    data_pedido datetime default current_timestamp,
    data_entrega_prevista datetime,
    data_entrega_real datetime,
    tipo_medicamento1 varchar(100),
    concluido boolean default false,
    foreign key (idveiculo) references veiculo(idveiculo),
    foreign key (idcliente) references cliente(idcliente)
    
);



INSERT INTO pedido (idveiculo, idcliente, data_pedido, data_entrega_prevista, data_entrega_real, tipo_medicamento1, concluido) VALUES 
(5, 2, '2025-04-21 08:03:40', '2025-04-21 18:00:00', null, 'Vacina Pfizer-BioNTech', false),
(2, 6, '2025-04-20 09:15:13', '2025-04-20 20:00:00', '2025-04-20 21:32:40', 'Vacina CoronaVac', true),
(3, 1, '2025-04-23 08:32:54', '2025-04-23 21:00:00', null, 'Vacina Moderna Spikevax', false),
(3, 4, '2025-04-22 10:20:30', '2025-04-22 17:00:00', null, 'Vacina AstraZeneca', false),
(1, 5, '2025-04-24 08:45:03', '2025-04-24 18:00:00', '2025-04-24 17:30:00', 'Vacina Janssen (Johnson & Johnson)', true),
(1, 3, '2025-04-25 09:00:02', '2025-04-25 22:00:00', '2025-06-08 16:51:59', 'Vacina Novavax', true),
(2, 5, '2025-04-26 08:20:50', '2025-04-26 19:00:00', '2025-04-26 18:45:00', 'Vacina Pfizer-BioNTech', true),
(1, 5, '2025-05-01 08:45:03', '2025-04-28 18:00:00', '2025-05-27 19:30:00', 'Vacina Comirnaty', true);



create table leiturasensor (
    idleitura_sensor int primary key auto_increment,
    idsensor int not null,
    idpedido int,
    valor decimal(5,2) not null,
    data_hora datetime not null default current_timestamp,
    foreign key (idsensor) references sensor(idsensor),
    foreign key (idpedido) references pedido(idpedido)
);

insert into leiturasensor(idsensor, idpedido, valor, data_hora) values 
(5, 1, 9.39, '2025-04-21 09:20:40'),
(5, 1, 4.27, '2025-04-21 09:20:45'),
(5, 1, 4.12, '2025-04-21 09:20:50'),
(5, 1, 5.24, '2025-04-21 09:20:55'),
(5, 1, 5.68, '2025-04-21 09:21:00'),
(5, 1, 3.36, '2025-04-21 09:21:05'),
(5, 1, 4.08, '2025-04-21 09:21:10'),
(5, 1, 6.81, '2025-04-21 09:21:15'),
(5, 1, 3.08, '2025-04-21 09:21:20'),
(5, 1, 4.21, '2025-04-21 09:21:25'),
(5, 1, 5.83, '2025-04-21 09:21:30'),
(5, 1, 6.93, '2025-04-21 09:21:35'),
(5, 1, 3.49, '2025-04-21 09:21:40'),
(5, 1, 4.66, '2025-04-21 09:21:45'),
(5, 1, 6.97, '2025-04-21 09:21:50'),
(5, 1, 2.91, '2025-04-21 09:21:55'),
(5, 1, 4.58, '2025-04-21 09:22:00'),
(5, 1, 9.61, '2025-04-21 09:22:05'),
(5, 1, 6.18, '2025-04-21 09:22:10'),
(5, 1, 3.5, '2025-04-21 09:22:15'),
(5, 1, 4.31, '2025-04-21 09:22:20'),
(5, 1, 4.62, '2025-04-21 09:22:25'),
(5, 1, 2.72, '2025-04-21 09:22:30'),
(5, 1, 3.34, '2025-04-21 09:22:35'),
(5, 1, 3.81, '2025-04-21 09:22:40'),
(5, 1, 3.8, '2025-04-21 09:22:45'),
(5, 1, 5.53, '2025-04-21 09:22:50'),
(5, 1, 6.07, '2025-04-21 09:22:55'),
(5, 1, 4.29, '2025-04-21 09:23:00'),
(5, 1, 2.58, '2025-04-21 09:23:05'),
(5, 1, 3.82, '2025-04-21 09:23:10'),
(5, 1, 6.97, '2025-04-21 09:23:15'),
(5, 1, 6.14, '2025-04-21 09:23:20'),
(5, 1, 4.74, '2025-04-21 09:23:25'),
(5, 1, 5.54, '2025-04-21 09:23:30'),
(5, 1, 2.88, '2025-04-21 09:23:35'),
(5, 1, 3.23, '2025-04-21 09:23:40'),
(5, 1, 4.5, '2025-04-21 09:23:45'),
(5, 1, 5.32, '2025-04-21 09:23:50'),
(5, 1, 4.61, '2025-04-21 09:23:55'),
(5, 1, 7.14, '2025-04-21 09:24:00'),
(5, 1, 2.54, '2025-04-21 09:24:05'),
(5, 1, 3.04, '2025-04-21 09:24:10'),
(5, 1, 5.59, '2025-04-21 09:24:15'),
(5, 1, 3.82, '2025-04-21 09:24:20'),
(5, 1, 6.21, '2025-04-21 09:24:25'),
(5, 1, 6.47, '2025-04-21 09:24:30'),
(5, 1, 6.96, '2025-04-21 09:24:35'),
(5, 1, 3.76, '2025-04-21 09:24:40'),
(5, 1, 3.16, '2025-04-21 09:24:45'),
(5, 1, 5.36, '2025-04-21 09:24:50'),
(5, 1, 5.53, '2025-04-21 09:24:55'),
(5, 1, 0.89, '2025-04-21 09:25:00'),
(5, 1, 1.00, '2025-04-21 09:25:05'),
(5, 1, 1.50, '2025-04-21 09:25:10'),
(5, 1, 7.39, '2025-04-21 09:25:15'),
(5, 1, 3.18, '2025-04-21 09:25:20'),
(5, 1, 5.53, '2025-04-21 09:25:25'),
(5, 1, 5.48, '2025-04-21 09:25:30'),
(5, 1, 4.94, '2025-04-21 09:25:35'),
(5, 1, 2.99, '2025-04-21 09:25:40'),
(5, 1, 4.95, '2025-04-21 09:25:45'),
(5, 1, 5.64, '2025-04-21 09:25:50'),
(5, 1, 5.91, '2025-04-21 09:25:55'),
(5, 1, 6.53, '2025-04-21 09:26:00'),
(5, 1, 5.96, '2025-04-21 09:26:05'),
(5, 1, 6.43, '2025-04-21 09:26:10'),
(5, 1, 3.89, '2025-04-21 09:26:15'),
(5, 1, 2.92, '2025-04-21 09:26:20'),
(5, 1, 6.46, '2025-04-21 09:26:25'),
(5, 1, 7.29, '2025-04-21 09:26:30'),
(5, 1, 4.31, '2025-04-21 09:26:35'),
(5, 1, 7.35, '2025-04-21 09:26:40'),
(5, 1, 8.79, '2025-04-21 09:26:45'),
(5, 1, 7.58, '2025-04-21 09:26:50'),
(5, 1, 8.1, '2025-04-21 09:26:55'),
(3, 4, 4.43, '2025-04-21 09:14:05'),
(3, 4, 4.87, '2025-04-21 09:14:10'),
(3, 4, 6.28, '2025-04-21 09:14:15'),
(3, 4, 5.61, '2025-04-21 09:14:20'),
(3, 4, 4.29, '2025-04-21 09:14:25'),
(3, 4, 5.69, '2025-04-21 09:14:30'),
(3, 4, 3.74, '2025-04-21 09:14:35'),
(3, 4, 3.37, '2025-04-21 09:14:40'),
(3, 4, 4.67, '2025-04-21 09:14:45'),
(3, 4, 6.39, '2025-04-21 09:14:50'),
(3, 4, 3.06, '2025-04-21 09:14:55'),
(3, 4, 4.66, '2025-04-21 09:15:00'),
(3, 4, 3.52, '2025-04-21 09:15:05'),
(3, 4, 9.08, '2025-04-21 09:15:10'),
(3, 4, 4.87, '2025-04-21 09:15:15'),
(3, 4, 3.01, '2025-04-21 09:15:20'),
(3, 4, 6.59, '2025-04-21 09:15:25'),
(3, 4, 4.28, '2025-04-21 09:15:30'),
(3, 4, 4.93, '2025-04-21 09:15:35'),
(3, 4, 5.0, '2025-04-21 09:15:40'),
(3, 4, 5.68, '2025-04-21 09:15:45'),
(3, 4, 5.48, '2025-04-21 09:15:50'),
(3, 4, 6.69, '2025-04-21 09:15:55'),
(3, 4, 2.77, '2025-04-21 09:16:00'),
(3, 4, 7.13, '2025-04-21 09:16:05'),
(3, 4, 4.86, '2025-04-21 09:16:10'),
(3, 4, 2.92, '2025-04-21 09:16:15'),
(3, 4, 4.38, '2025-04-21 09:16:20'),
(3, 4, 2.7, '2025-04-21 09:16:25'),
(3, 4, 1.19, '2025-04-21 09:16:30'),
(3, 4, 7.41, '2025-04-21 09:16:35'),
(3, 4, 5.74, '2025-04-21 09:16:40'),
(3, 4, 3.24, '2025-04-21 09:16:45'),
(3, 4, 5.24, '2025-04-21 09:16:50'),
(3, 4, 2.7, '2025-04-21 09:16:55'),
(3, 4, 3.85, '2025-04-21 09:17:00'),
(3, 4, 3.8, '2025-04-21 09:17:05'),
(3, 4, 3.99, '2025-04-21 09:17:10'),
(3, 4, 7.03, '2025-04-21 09:17:15'),
(3, 4, 3.15, '2025-04-21 09:17:20'),
(3, 4, 2.99, '2025-04-21 09:17:25'),
(3, 4, 2.96, '2025-04-21 09:17:30'),
(3, 4, 4.65, '2025-04-21 09:17:35'),
(3, 4, 4.07, '2025-04-21 09:17:40'),
(3, 4, 5.87, '2025-04-21 09:17:45'),
(3, 4, 4.4, '2025-04-21 09:17:50'),
(3, 4, 6.03, '2025-04-21 09:17:55'),
(3, 4, 4.46, '2025-04-21 09:18:00'),
(3, 4, 6.08, '2025-04-21 09:18:05'),
(3, 4, 5.96, '2025-04-21 09:18:10'),
(3, 4, 3.13, '2025-04-21 09:18:15'),
(3, 4, 7.26, '2025-04-21 09:18:20'),
(3, 4, 5.53, '2025-04-21 09:18:25'),
(3, 4, 3.26, '2025-04-21 09:18:30'),
(3, 4, 3.12, '2025-04-21 09:18:35'),
(3, 4, 7.26, '2025-04-21 09:18:40'),
(3, 4, 4.07, '2025-04-21 09:18:45'),
(3, 4, 6.04, '2025-04-21 09:18:50'),
(3, 4, 6.44, '2025-04-21 09:18:55'),
(3, 4, 3.44, '2025-04-21 09:19:00'),
(3, 4, 3.66, '2025-04-21 09:19:05'),
(3, 4, 3.88, '2025-04-21 09:19:10'),
(3, 4, 6.05, '2025-04-21 09:19:15'),
(3, 4, 5.97, '2025-04-21 09:19:20'),
(3, 4, 4.58, '2025-04-21 09:19:25'),
(3, 4, 0.63, '2025-04-21 09:19:30'),
(3, 4, 5.25, '2025-04-21 09:19:35'),
(3, 4, 2.68, '2025-04-21 09:19:40'),
(3, 4, 3.74, '2025-04-21 09:19:45'),
(3, 4, 4.42, '2025-04-21 09:19:50'),
(3, 4, 2.98, '2025-04-21 09:19:55'),
(3, 4, 2.78, '2025-04-21 09:20:00'),
(3, 4, 5.11, '2025-04-21 09:20:05'),
(3, 4, 3.41, '2025-04-21 09:20:10'),
(3, 4, 5.72, '2025-04-21 09:20:15'),
(3, 4, 4.89, '2025-04-21 09:20:20'),
(3, 4, 3.66, '2025-04-21 09:20:25'),
(3, 4, 2.18, '2025-04-21 09:20:30'),
(3, 4, 1.27, '2025-04-21 09:20:35'), 
(3, 3, 3.29, '2025-04-21 09:08:25'),
(3, 3, 3.2, '2025-04-21 09:08:30'),
(3, 3, 3.18, '2025-04-21 09:08:35'),
(3, 3, 3.3, '2025-04-21 09:08:40'),
(3, 3, 3.23, '2025-04-21 09:08:45'),
(3, 3, 3.15, '2025-04-21 09:08:50'),
(3, 3, 3.25, '2025-04-21 09:08:55'),
(3, 3, 3.27, '2025-04-21 09:09:00'),
(3, 3, 3.22, '2025-04-21 09:09:05'),
(3, 3, 3.16, '2025-04-21 09:09:10'),
(3, 3, 3.07, '2025-04-21 09:09:25'),
(3, 3, 4.27, '2025-04-21 09:09:30'),
(3, 3, 2.5, '2025-04-21 09:09:35'),
(3, 3, 4.2, '2025-04-21 09:09:40'),
(3, 3, 3.06, '2025-04-21 09:09:45'),
(3, 3, 5.4, '2025-04-21 09:09:50'),
(3, 3, 3.53, '2025-04-21 09:09:55'),
(3, 3, 5.63, '2025-04-21 09:10:00'),
(3, 3, 6.96, '2025-04-21 09:10:05'),
(3, 3, 5.31, '2025-04-21 09:10:10'),
(3, 3, 4.75, '2025-04-21 09:10:15'),
(3, 3, 7.28, '2025-04-21 09:10:20'),
(3, 3, 6.86, '2025-04-21 09:10:25'),
(3, 3, 6.99, '2025-04-21 09:10:30'),
(3, 3, 3.07, '2025-04-21 09:10:35'),
(3, 3, 5.97, '2025-04-21 09:10:40'),
(3, 3, 5.14, '2025-04-21 09:10:45'),
(3, 3, 3.41, '2025-04-21 09:10:50'),
(3, 3, 7.19, '2025-04-21 09:10:55'),
(3, 3, 3.06, '2025-04-21 09:11:00'),
(3, 3, 4.24, '2025-04-21 09:11:05'),
(3, 3, 6.02, '2025-04-21 09:11:10'),
(3, 3, 3.17, '2025-04-21 09:11:15'),
(3, 3, 3.2, '2025-04-21 09:11:20'),
(3, 3, 3.65, '2025-04-21 09:11:25'),
(3, 3, 2.53, '2025-04-21 09:11:30'),
(3, 3, 4.71, '2025-04-21 09:11:35'),
(3, 3, 5.06, '2025-04-21 09:11:40'),
(3, 3, 4.77, '2025-04-21 09:11:45'),
(3, 3, 7.17, '2025-04-21 09:11:50'),
(3, 3, 5.7, '2025-04-21 09:11:55'),
(3, 3, 9.43, '2025-04-21 09:12:00'),
(3, 3, 4.91, '2025-04-21 09:12:05'),
(3, 3, 5.97, '2025-04-21 09:12:10'),
(3, 3, 3.49, '2025-04-21 09:12:15'),
(3, 3, 5.17, '2025-04-21 09:12:20'),
(3, 3, 3.02, '2025-04-21 09:12:25'),
(3, 3, 5.49, '2025-04-21 09:12:30'),
(3, 3, 5.46, '2025-04-21 09:12:35'),
(3, 3, 3.25, '2025-04-21 09:12:40'),
(3, 3, 9.94, '2025-04-21 09:12:45'),
(3, 3, 5.84, '2025-04-21 09:12:50'),
(3, 3, 6.5, '2025-04-21 09:12:55'),
(3, 3, 3.4, '2025-04-21 09:13:00'),
(3, 3, 4.91, '2025-04-21 09:13:05'),
(3, 3, 6.94, '2025-04-21 09:13:10'),
(3, 3, 2.54, '2025-04-21 09:13:15'),
(3, 3, 6.01, '2025-04-21 09:13:20'),
(3, 3, 5.36, '2025-04-21 09:13:25'),
(3, 3, 5.22, '2025-04-21 09:13:30'),
(3, 3, 6.76, '2025-04-21 09:13:35'),
(3, 3, 6.48, '2025-04-21 09:13:40'),
(3, 3, 4.61, '2025-04-21 09:13:45'),
(3, 3, 3.64, '2025-04-21 09:13:50'),
(3, 3, 2.96, '2025-04-21 09:13:55'),
(3, 3, 1.38, '2025-04-21 09:14:00'),
(1, 5, 8.10, '2025-04-22 08:15:00'),
(1, 5, 6.69, '2025-04-22 08:15:05'),
(1, 5, 4.34, '2025-04-22 08:15:10'),
(1, 5, 9.00, '2025-04-22 08:20:30'),
(1, 5, 4.88, '2025-04-22 08:20:35'),
(1, 5, 3.82, '2025-04-22 08:20:40'),
(1, 5, 5.93, '2025-04-22 08:20:45'),
(1, 5, 4.11, '2025-04-22 08:20:50'),
(1, 5, 5.64, '2025-04-22 08:20:55'),
(2, 7, 0.64, '2025-04-22 09:10:00'),
(2, 7, 4.48, '2025-04-22 09:10:05'),
(2, 7, 4.54, '2025-04-22 09:10:10'),
(2, 7, 3.52, '2025-04-22 09:10:15'),
(2, 7, 5.63, '2025-04-22 09:10:20'),
(2, 7, 3.48, '2025-04-22 09:10:25'),
(2, 7, 3.42, '2025-04-22 09:10:30'),
(2, 7, 5.94, '2025-04-22 09:10:35'),
(2, 7, 5.93, '2025-04-22 09:10:40'),
(2, 7, 4.99, '2025-04-22 09:10:45'),
(2, 7, 4.05, '2025-04-22 09:10:50'),
(2, 7, 4.85, '2025-04-22 09:10:55'),
(2, 7, 5.67, '2025-04-22 09:11:00'),
(2, 7, 8.50, '2025-04-22 09:15:30'),
(2, 7, 3.8, '2025-04-22 09:15:35'),
(2, 7, 3.56, '2025-04-22 09:15:40'),
(2, 7, 6.23, '2025-04-22 09:15:45'),
(2, 7, 5.23, '2025-04-22 09:15:50'),
(2, 7, 5.46, '2025-04-22 09:15:55'),
(2, 7, 3.73, '2025-04-22 09:16:00'),
(2, 7, 6.19, '2025-04-22 09:16:05'),
(2, 7, 3.26, '2025-04-22 09:16:10'),
(2, 7, 6.19, '2025-04-22 09:16:15'),
(1, 8, 0.10, '2025-04-22 10:00:00'),
(1, 8, 5.23, '2025-04-22 10:00:05'),
(1, 8, 5.08, '2025-04-22 10:00:10'),
(1, 8, 3.96, '2025-04-22 10:00:15'),
(1, 8, 4.61, '2025-04-22 10:00:20'),
(1, 8, 5.37, '2025-04-22 10:00:25'),
(1, 8, 6.48, '2025-04-22 10:00:30'),
(1, 8, 1.50, '2025-04-22 10:05:45'),
(1, 8, 3.96, '2025-04-22 10:05:50'),
(1, 8, 4.26, '2025-04-22 10:05:55'),
(1, 8, 5.05, '2025-04-22 10:06:00'),
(1, 8, 3.78, '2025-04-22 10:06:05'),
(1, 8, 6.54, '2025-04-22 10:06:10'),
(1, 8, 6.7, '2025-04-22 10:06:15'),
(1, 8, 4.43, '2025-04-22 10:06:20'),
(1, 8, 3.54, '2025-04-22 10:06:25'),
(1, 8, 3.72, '2025-04-22 10:06:30'),
(1, 8, 3.17, '2025-04-22 10:06:35'),
(1, 8, 5.67, '2025-04-22 10:06:40'),
(1, 8, 3.2, '2025-04-22 10:06:45'),
(1, 8, 5.74, '2025-04-22 10:06:50'),
(1, 8, 5.71, '2025-04-22 10:06:55'),
(1, 8, 5.11, '2025-04-22 10:07:00'),
(2, 2, 9.00, '2025-04-22 11:00:00'),
(2, 2, 6.86, '2025-04-22 11:00:05'),
(2, 2, 3.84, '2025-04-22 11:00:10'),
(2, 2, 4.33, '2025-04-22 11:00:15'),
(2, 2, 5.39, '2025-04-22 11:00:20'),
(2, 2, 8.70, '2025-04-22 11:10:20'),
(2, 2, 3.95, '2025-04-22 11:10:25'),
(2, 2, 3.84, '2025-04-22 11:10:30'),
(2, 2, 3.94, '2025-04-22 11:10:35'),
(2, 2, 3.0, '2025-04-22 11:10:40'),
(2, 2, 4.26, '2025-04-22 11:10:45'),
(2, 2, 6.89, '2025-04-22 11:10:50'),
(2, 2, 5.62, '2025-04-22 11:10:55'),
(2, 2, 5.2, '2025-04-22 11:11:00'),
(1, 6, 0.68, '2025-04-22 12:00:00'),
(1, 6, 6.25, '2025-04-22 12:00:05'),
(1, 6, 6.72, '2025-04-22 12:00:10'),
(1, 6, 6.2, '2025-04-22 12:00:15'),
(1, 6, 8.85, '2025-04-22 12:05:50'),
(1, 6, 4.37, '2025-04-22 12:05:55'),
(1, 6, 6.58, '2025-04-22 12:06:00'),
(1, 6, 6.46, '2025-04-22 12:06:05'),
(1, 6, 6.15, '2025-04-22 12:06:10'),
(1, 6, 3.77, '2025-04-22 12:06:15'),
(1, 6, 6.85, '2025-04-22 12:06:20'),
(1, 6, 3.44, '2025-04-22 12:06:25');


create table alerta(
idalerta int primary key auto_increment,
idpedido int,
duracao varchar(10),
limite int,
inicio datetime default current_timestamp,
constraint chk_limite check (limite in (2, 8)),
foreign key (idpedido) references pedido(idpedido)
);

insert into alerta (idpedido, duracao, limite, inicio) values
(1, null, 8,'2025-04-21 09:20:40'),
(1, null, 8,'2025-04-21 09:25:00'),
(4, null, 8, '2025-04-21 09:16:30'),
(4, null, 8, '2025-04-21 09:19:30'),
(3, null, 2, '2025-04-21 09:19:30'),
(3, null, 2, '2025-04-21 09:19:30'),
(5, '00:00:10', 8, '2025-04-22 08:15:00'),
(5, '00:00:25', 8, '2025-04-22 08:20:30'),
(7, '00:01:00', 2, '2025-04-22 09:10:00'),
(7, '00:00:45', 8, '2025-04-22 09:15:30'),
(8, '00:00:30', 2, '2025-04-22 10:00:00'),
(8, '00:01:15', 2, '2025-04-22 10:05:45'),
(2, '00:00:20', 8, '2025-04-22 11:00:00'),
(2, '00:00:40', 8, '2025-04-22 11:10:20'),
(6, '00:00:15', 2, '2025-04-22 12:00:00'),
(6, '00:00:35', 8, '2025-04-22 12:05:50');

